{"__symbolic":"module","version":4,"metadata":{"FlexLayoutServerModule":{"__symbolic":"class","decorators":[{"__symbolic":"call","expression":{"__symbolic":"reference","module":"@angular/core","name":"NgModule","line":11,"character":1},"arguments":[{"providers":[{"__symbolic":"reference","name":"SERVER_PROVIDERS"}]}]}],"members":{}},"generateStaticFlexLayoutStyles":{"__symbolic":"function"},"FLEX_SSR_SERIALIZER_FACTORY":{"__symbolic":"function","parameters":["serverSheet","mediaController","_document","breakpoints"],"value":{"__symbolic":"error","message":"Lambda not supported","line":70,"character":9,"module":"./server-provider"}},"SERVER_PROVIDERS":[{"provide":{"__symbolic":"reference","module":"@angular/platform-server","name":"BEFORE_APP_SERIALIZED","line":86,"character":41},"useFactory":{"__symbolic":"reference","name":"FLEX_SSR_SERIALIZER_FACTORY"},"deps":[{"__symbolic":"reference","module":"src/app/crud-grid/content/flex-layout/core","name":"StylesheetMap","line":89,"character":6},{"__symbolic":"reference","module":"src/app/crud-grid/content/flex-layout/core","name":"ɵMatchMedia","line":90,"character":6},{"__symbolic":"reference","module":"@angular/common","name":"DOCUMENT","line":91,"character":6},{"__symbolic":"reference","module":"src/app/crud-grid/content/flex-layout/core","name":"BREAKPOINTS","line":92,"character":6}],"multi":true},{"provide":{"__symbolic":"reference","module":"src/app/crud-grid/content/flex-layout/core","name":"SERVER_TOKEN","line":97,"character":13},"useValue":true},{"provide":{"__symbolic":"reference","module":"src/app/crud-grid/content/flex-layout/core","name":"ɵMatchMedia","line":101,"character":13},"useClass":{"__symbolic":"reference","name":"ɵserver_privatea"}}],"StyleSheet":{"__symbolic":"interface"},"ClassMap":{"__symbolic":"interface"},"ɵserver_privatea":{"__symbolic":"class","extends":{"__symbolic":"reference","module":"src/app/crud-grid/content/flex-layout/core","name":"ɵMatchMedia","line":117,"character":38},"decorators":[{"__symbolic":"call","expression":{"__symbolic":"reference","module":"@angular/core","name":"Injectable","line":116,"character":1}}],"members":{"__ctor__":[{"__symbolic":"constructor","parameterDecorators":[null,[{"__symbolic":"call","expression":{"__symbolic":"reference","module":"@angular/core","name":"Inject","line":121,"character":15},"arguments":[{"__symbolic":"reference","module":"@angular/core","name":"PLATFORM_ID","line":121,"character":22}]}],[{"__symbolic":"call","expression":{"__symbolic":"reference","module":"@angular/core","name":"Inject","line":122,"character":15},"arguments":[{"__symbolic":"reference","module":"@angular/common","name":"DOCUMENT","line":122,"character":22}]}],[{"__symbolic":"call","expression":{"__symbolic":"reference","module":"@angular/core","name":"Inject","line":123,"character":15},"arguments":[{"__symbolic":"reference","module":"src/app/crud-grid/content/flex-layout/core","name":"BREAKPOINTS","line":123,"character":22}]}],[{"__symbolic":"call","expression":{"__symbolic":"reference","module":"@angular/core","name":"Inject","line":124,"character":15},"arguments":[{"__symbolic":"reference","module":"src/app/crud-grid/content/flex-layout/core","name":"LAYOUT_CONFIG","line":124,"character":22}]}]],"parameters":[{"__symbolic":"reference","module":"@angular/core","name":"NgZone","line":120,"character":31},{"__symbolic":"reference","name":"Object"},{"__symbolic":"reference","name":"any"},{"__symbolic":"reference","name":"Array","arguments":[{"__symbolic":"reference","module":"src/app/crud-grid/content/flex-layout/core","name":"BreakPoint","line":123,"character":58}]},{"__symbolic":"reference","module":"src/app/crud-grid/content/flex-layout/core","name":"LayoutConfigOptions","line":124,"character":61}]}],"activateBreakpoint":[{"__symbolic":"method"}],"deactivateBreakpoint":[{"__symbolic":"method"}],"buildMQL":[{"__symbolic":"method"}]}}},"origins":{"FlexLayoutServerModule":"./module","generateStaticFlexLayoutStyles":"./server-provider","FLEX_SSR_SERIALIZER_FACTORY":"./server-provider","SERVER_PROVIDERS":"./server-provider","StyleSheet":"./server-provider","ClassMap":"./server-provider","ɵserver_privatea":"./server-match-media"},"importAs":"src/app/crud-grid/content/flex-layout/server"}