{"__symbolic":"module","version":4,"metadata":{"CoreModule":{"__symbolic":"class","decorators":[{"__symbolic":"call","expression":{"__symbolic":"reference","module":"@angular/core","name":"NgModule","line":17,"character":1},"arguments":[{"providers":[{"__symbolic":"reference","name":"BROWSER_PROVIDER"}]}]}],"members":{}},"removeStyles":{"__symbolic":"function","parameters":["_document","platformId"],"value":{"__symbolic":"error","message":"Lambda not supported","line":16,"character":9,"module":"./browser-provider"}},"BROWSER_PROVIDER":{"provide":{"__symbolic":"reference","module":"@angular/core","name":"APP_BOOTSTRAP_LISTENER","line":37,"character":43},"useFactory":{"__symbolic":"reference","name":"removeStyles"},"deps":[{"__symbolic":"reference","module":"@angular/common","name":"DOCUMENT","line":39,"character":9},{"__symbolic":"reference","module":"@angular/core","name":"PLATFORM_ID","line":39,"character":19}],"multi":true},"CLASS_NAME":"flex-layout-","MediaQuerySubscriber":{"__symbolic":"interface"},"MediaChange":{"__symbolic":"class","members":{"__ctor__":[{"__symbolic":"constructor","parameters":[null,null,null,null,null]}],"clone":[{"__symbolic":"method"}]}},"StylesheetMap":{"__symbolic":"class","decorators":[{"__symbolic":"call","expression":{"__symbolic":"reference","module":"@angular/core","name":"Injectable","line":15,"character":1},"arguments":[{"providedIn":"root"}]}],"members":{"addStyleToElement":[{"__symbolic":"method"}],"clearStyles":[{"__symbolic":"method"}],"getStyleForElement":[{"__symbolic":"method"}]},"statics":{"ɵprov":{}}},"LayoutConfigOptions":{"__symbolic":"interface"},"DEFAULT_CONFIG":{"addFlexToParent":true,"addOrientationBps":false,"disableDefaultBps":false,"disableVendorPrefixes":false,"serverLoaded":false,"useColumnBasisZero":true,"printWithBreakpoints":[],"mediaTriggerAutoRestore":true,"ssrObserveBreakpoints":[]},"LAYOUT_CONFIG":{"__symbolic":"new","expression":{"__symbolic":"reference","module":"@angular/core","name":"InjectionToken","line":34,"character":33},"arguments":["Flex Layout token, config options for the library",{"__symbolic":"error","message":"Lambda not supported","line":37,"character":15,"module":"./tokens/library-config"}]},"SERVER_TOKEN":{"__symbolic":"new","expression":{"__symbolic":"reference","module":"@angular/core","name":"InjectionToken","line":15,"character":32},"arguments":["FlexLayoutServerLoaded",{"__symbolic":"error","message":"Lambda not supported","line":18,"character":13,"module":"./tokens/server-token"}]},"BREAKPOINT":{"__symbolic":"new","expression":{"__symbolic":"reference","module":"@angular/core","name":"InjectionToken","line":10,"character":30},"arguments":["Flex Layout token, collect all breakpoints into one provider",{"__symbolic":"error","message":"Lambda not supported","line":13,"character":13,"module":"./tokens/breakpoint-token"}]},"mergeAlias":{"__symbolic":"function"},"BaseDirective2":{"__symbolic":"class","members":{"__ctor__":[{"__symbolic":"constructor","parameters":[{"__symbolic":"reference","module":"@angular/core","name":"ElementRef","line":46,"character":46},{"__symbolic":"reference","name":"StyleBuilder"},{"__symbolic":"reference","name":"StyleUtils"},{"__symbolic":"reference","name":"MediaMarshaller"}]}],"ngOnChanges":[{"__symbolic":"method"}],"ngOnDestroy":[{"__symbolic":"method"}],"init":[{"__symbolic":"method"}],"addStyles":[{"__symbolic":"method"}],"clearStyles":[{"__symbolic":"method"}],"triggerUpdate":[{"__symbolic":"method"}],"getFlexFlowDirection":[{"__symbolic":"method"}],"hasWrap":[{"__symbolic":"method"}],"applyStyleToElement":[{"__symbolic":"method"}],"setValue":[{"__symbolic":"method"}],"updateWithValue":[{"__symbolic":"method"}]}},"DEFAULT_BREAKPOINTS":[{"alias":"xs","mediaQuery":"screen and (min-width: 0px) and (max-width: 599.98px)","priority":1000},{"alias":"sm","mediaQuery":"screen and (min-width: 600px) and (max-width: 959.98px)","priority":900},{"alias":"md","mediaQuery":"screen and (min-width: 960px) and (max-width: 1279.98px)","priority":800},{"alias":"lg","mediaQuery":"screen and (min-width: 1280px) and (max-width: 1919.98px)","priority":700},{"alias":"xl","mediaQuery":"screen and (min-width: 1920px) and (max-width: 4999.98px)","priority":600},{"alias":"lt-sm","overlapping":true,"mediaQuery":"screen and (max-width: 599.98px)","priority":950},{"alias":"lt-md","overlapping":true,"mediaQuery":"screen and (max-width: 959.98px)","priority":850},{"alias":"lt-lg","overlapping":true,"mediaQuery":"screen and (max-width: 1279.98px)","priority":750},{"alias":"lt-xl","overlapping":true,"priority":650,"mediaQuery":"screen and (max-width: 1919.98px)"},{"alias":"gt-xs","overlapping":true,"mediaQuery":"screen and (min-width: 600px)","priority":-950},{"alias":"gt-sm","overlapping":true,"mediaQuery":"screen and (min-width: 960px)","priority":-850},{"alias":"gt-md","overlapping":true,"mediaQuery":"screen and (min-width: 1280px)","priority":-750},{"alias":"gt-lg","overlapping":true,"mediaQuery":"screen and (min-width: 1920px)","priority":-650}],"ScreenTypes":{"HANDSET":"(orientation: portrait) and (max-width: 599.98px), (orientation: landscape) and (max-width: 959.98px)","TABLET":"(orientation: portrait) and (min-width: 600px) and (max-width: 839.98px) , (orientation: landscape) and (min-width: 960px) and (max-width: 1279.98px)","WEB":"(orientation: portrait) and (min-width: 840px), (orientation: landscape) and (min-width: 1280px) ","HANDSET_PORTRAIT":"(orientation: portrait) and (max-width: 599.98px)","TABLET_PORTRAIT":"(orientation: portrait) and (min-width: 600px) and (max-width: 839.98px) ","WEB_PORTRAIT":"(orientation: portrait) and (min-width: 840px)","HANDSET_LANDSCAPE":"(orientation: landscape) and (max-width: 959.98px)","TABLET_LANDSCAPE":"(orientation: landscape) and (min-width: 960px) and (max-width: 1279.98px)","WEB_LANDSCAPE":"(orientation: landscape) and (min-width: 1280px)","$quoted$":["HANDSET","TABLET","WEB","HANDSET_PORTRAIT","TABLET_PORTRAIT","WEB_PORTRAIT","HANDSET_LANDSCAPE","TABLET_LANDSCAPE","WEB_LANDSCAPE"]},"ORIENTATION_BREAKPOINTS":[{"alias":"handset","priority":2000,"mediaQuery":{"__symbolic":"select","expression":{"__symbolic":"reference","name":"ScreenTypes"},"member":"HANDSET"},"$quoted$":["alias","mediaQuery"]},{"alias":"handset.landscape","priority":2000,"mediaQuery":{"__symbolic":"select","expression":{"__symbolic":"reference","name":"ScreenTypes"},"member":"HANDSET_LANDSCAPE"},"$quoted$":["alias","mediaQuery"]},{"alias":"handset.portrait","priority":2000,"mediaQuery":{"__symbolic":"select","expression":{"__symbolic":"reference","name":"ScreenTypes"},"member":"HANDSET_PORTRAIT"},"$quoted$":["alias","mediaQuery"]},{"alias":"tablet","priority":2100,"mediaQuery":{"__symbolic":"select","expression":{"__symbolic":"reference","name":"ScreenTypes"},"member":"TABLET"},"$quoted$":["alias","mediaQuery"]},{"alias":"tablet.landscape","priority":2100,"mediaQuery":{"__symbolic":"select","expression":{"__symbolic":"reference","name":"ScreenTypes"},"member":"TABLET_LANDSCAPE"},"$quoted$":["alias","mediaQuery"]},{"alias":"tablet.portrait","priority":2100,"mediaQuery":{"__symbolic":"select","expression":{"__symbolic":"reference","name":"ScreenTypes"},"member":"TABLET_PORTRAIT"},"$quoted$":["alias","mediaQuery"]},{"alias":"web","priority":2200,"mediaQuery":{"__symbolic":"select","expression":{"__symbolic":"reference","name":"ScreenTypes"},"member":"WEB"},"overlapping":true,"$quoted$":["alias","mediaQuery"]},{"alias":"web.landscape","priority":2200,"mediaQuery":{"__symbolic":"select","expression":{"__symbolic":"reference","name":"ScreenTypes"},"member":"WEB_LANDSCAPE"},"overlapping":true,"$quoted$":["alias","mediaQuery"]},{"alias":"web.portrait","priority":2200,"mediaQuery":{"__symbolic":"select","expression":{"__symbolic":"reference","name":"ScreenTypes"},"member":"WEB_PORTRAIT"},"overlapping":true,"$quoted$":["alias","mediaQuery"]}],"BreakPoint":{"__symbolic":"interface"},"OptionalBreakPoint":{"__symbolic":"interface"},"BreakPointRegistry":{"__symbolic":"class","decorators":[{"__symbolic":"call","expression":{"__symbolic":"reference","module":"@angular/core","name":"Injectable","line":20,"character":1},"arguments":[{"providedIn":"root"}]}],"members":{"__ctor__":[{"__symbolic":"constructor","parameterDecorators":[[{"__symbolic":"call","expression":{"__symbolic":"reference","module":"@angular/core","name":"Inject","line":24,"character":15},"arguments":[{"__symbolic":"reference","name":"BREAKPOINTS"}]}]],"parameters":[{"__symbolic":"reference","name":"Array","arguments":[{"__symbolic":"reference","name":"BreakPoint"}]}]}],"findByAlias":[{"__symbolic":"method"}],"findByQuery":[{"__symbolic":"method"}],"findWithPredicate":[{"__symbolic":"method"}]},"statics":{"ɵprov":{}}},"BREAKPOINTS":{"__symbolic":"new","expression":{"__symbolic":"reference","module":"@angular/core","name":"InjectionToken","line":21,"character":6},"arguments":["Token (src/app/crud-grid/content/flex-layout) Breakpoints",{"__symbolic":"error","message":"Lambda not supported","line":23,"character":13,"module":"./breakpoints/break-points-token"}]},"ɵMatchMedia":{"__symbolic":"class","decorators":[{"__symbolic":"call","expression":{"__symbolic":"reference","module":"@angular/core","name":"Injectable","line":21,"character":1},"arguments":[{"providedIn":"root"}]}],"members":{"__ctor__":[{"__symbolic":"constructor","parameterDecorators":[null,[{"__symbolic":"call","expression":{"__symbolic":"reference","module":"@angular/core","name":"Inject","line":29,"character":15},"arguments":[{"__symbolic":"reference","module":"@angular/core","name":"PLATFORM_ID","line":29,"character":22}]}],[{"__symbolic":"call","expression":{"__symbolic":"reference","module":"@angular/core","name":"Inject","line":30,"character":15},"arguments":[{"__symbolic":"reference","module":"@angular/common","name":"DOCUMENT","line":30,"character":22}]}]],"parameters":[{"__symbolic":"reference","module":"@angular/core","name":"NgZone","line":28,"character":31},{"__symbolic":"reference","name":"Object"},{"__symbolic":"reference","name":"any"}]}],"isActive":[{"__symbolic":"method"}],"observe":[{"__symbolic":"method"},{"__symbolic":"method"},{"__symbolic":"method"},{"__symbolic":"method"}],"registerQuery":[{"__symbolic":"method"}],"ngOnDestroy":[{"__symbolic":"method"}],"buildMQL":[{"__symbolic":"method"}]},"statics":{"ɵprov":{}}},"ɵMockMatchMedia":{"__symbolic":"class","extends":{"__symbolic":"reference","name":"ɵMatchMedia"},"decorators":[{"__symbolic":"call","expression":{"__symbolic":"reference","module":"@angular/core","name":"Injectable","line":18,"character":1}}],"members":{"__ctor__":[{"__symbolic":"constructor","parameterDecorators":[null,[{"__symbolic":"call","expression":{"__symbolic":"reference","module":"@angular/core","name":"Inject","line":26,"character":15},"arguments":[{"__symbolic":"reference","module":"@angular/core","name":"PLATFORM_ID","line":26,"character":22}]}],[{"__symbolic":"call","expression":{"__symbolic":"reference","module":"@angular/core","name":"Inject","line":27,"character":15},"arguments":[{"__symbolic":"reference","module":"@angular/common","name":"DOCUMENT","line":27,"character":22}]}],null],"parameters":[{"__symbolic":"reference","module":"@angular/core","name":"NgZone","line":25,"character":21},{"__symbolic":"reference","name":"Object"},{"__symbolic":"reference","name":"any"},{"__symbolic":"reference","name":"BreakPointRegistry"}]}],"clearAll":[{"__symbolic":"method"}],"activate":[{"__symbolic":"method"}],"_validateQuery":[{"__symbolic":"method"}],"_activateWithOverlaps":[{"__symbolic":"method"}],"_activateByAlias":[{"__symbolic":"method"}],"_activateByQuery":[{"__symbolic":"method"}],"_deactivateAll":[{"__symbolic":"method"}],"_registerMediaQuery":[{"__symbolic":"method"}],"buildMQL":[{"__symbolic":"method"}]}},"ɵMockMatchMediaProvider":{"provide":{"__symbolic":"reference","name":"ɵMatchMedia"},"useClass":{"__symbolic":"reference","name":"ɵMockMatchMedia"}},"MediaObserver":{"__symbolic":"class","decorators":[{"__symbolic":"call","expression":{"__symbolic":"reference","module":"@angular/core","name":"Injectable","line":62,"character":1},"arguments":[{"providedIn":"root"}]}],"members":{"__ctor__":[{"__symbolic":"constructor","parameters":[{"__symbolic":"reference","name":"BreakPointRegistry"},{"__symbolic":"reference","name":"ɵMatchMedia"},{"__symbolic":"reference","name":"PrintHook"}]}],"ngOnDestroy":[{"__symbolic":"method"}],"asObservable":[{"__symbolic":"method"}],"isActive":[{"__symbolic":"method"}],"watchActivations":[{"__symbolic":"method"}],"buildObservable":[{"__symbolic":"method"}],"findAllActivations":[{"__symbolic":"method"}]},"statics":{"ɵprov":{}}},"MediaTrigger":{"__symbolic":"class","decorators":[{"__symbolic":"call","expression":{"__symbolic":"reference","module":"@angular/core","name":"Injectable","line":23,"character":1},"arguments":[{"providedIn":"root"}]}],"members":{"__ctor__":[{"__symbolic":"constructor","parameterDecorators":[null,null,[{"__symbolic":"call","expression":{"__symbolic":"reference","module":"@angular/core","name":"Inject","line":29,"character":7},"arguments":[{"__symbolic":"reference","name":"LAYOUT_CONFIG"}]}],[{"__symbolic":"call","expression":{"__symbolic":"reference","module":"@angular/core","name":"Inject","line":30,"character":7},"arguments":[{"__symbolic":"reference","module":"@angular/core","name":"PLATFORM_ID","line":30,"character":14}]}],[{"__symbolic":"call","expression":{"__symbolic":"reference","module":"@angular/core","name":"Inject","line":31,"character":7},"arguments":[{"__symbolic":"reference","module":"@angular/common","name":"DOCUMENT","line":31,"character":14}]}]],"parameters":[{"__symbolic":"reference","name":"BreakPointRegistry"},{"__symbolic":"reference","name":"ɵMatchMedia"},{"__symbolic":"reference","name":"LayoutConfigOptions"},{"__symbolic":"reference","name":"Object"},{"__symbolic":"reference","name":"any"}]}],"activate":[{"__symbolic":"method"}],"restore":[{"__symbolic":"method"}],"prepareAutoRestore":[{"__symbolic":"method"}],"deactivateAll":[{"__symbolic":"method"}],"saveActivations":[{"__symbolic":"method"}],"setActivations":[{"__symbolic":"method"}],"simulateMediaChanges":[{"__symbolic":"method"}],"forceRegistryMatches":[{"__symbolic":"method"}],"cacheRegistryMatches":[{"__symbolic":"method"}],"restoreRegistryMatches":[{"__symbolic":"method"}],"emitChangeEvent":[{"__symbolic":"method"}]},"statics":{"ɵprov":{}}},"sortDescendingPriority":{"__symbolic":"function"},"sortAscendingPriority":{"__symbolic":"function"},"coerceArray":{"__symbolic":"function","parameters":["value"],"value":{"__symbolic":"if","condition":{"__symbolic":"call","expression":{"__symbolic":"select","expression":{"__symbolic":"reference","name":"Array"},"member":"isArray"},"arguments":[{"__symbolic":"reference","name":"value"}]},"thenExpression":{"__symbolic":"reference","name":"value"},"elseExpression":[{"__symbolic":"reference","name":"value"}]}},"StyleUtils":{"__symbolic":"class","decorators":[{"__symbolic":"call","expression":{"__symbolic":"reference","module":"@angular/core","name":"Injectable","line":15,"character":1},"arguments":[{"providedIn":"root"}]}],"members":{"__ctor__":[{"__symbolic":"constructor","parameterDecorators":[null,[{"__symbolic":"call","expression":{"__symbolic":"reference","module":"@angular/core","name":"Inject","line":19,"character":15},"arguments":[{"__symbolic":"reference","name":"SERVER_TOKEN"}]}],[{"__symbolic":"call","expression":{"__symbolic":"reference","module":"@angular/core","name":"Inject","line":20,"character":15},"arguments":[{"__symbolic":"reference","module":"@angular/core","name":"PLATFORM_ID","line":20,"character":22}]}],[{"__symbolic":"call","expression":{"__symbolic":"reference","module":"@angular/core","name":"Inject","line":21,"character":15},"arguments":[{"__symbolic":"reference","name":"LAYOUT_CONFIG"}]}]],"parameters":[{"__symbolic":"reference","name":"StylesheetMap"},{"__symbolic":"reference","name":"boolean"},{"__symbolic":"reference","name":"Object"},{"__symbolic":"reference","name":"LayoutConfigOptions"}]}],"applyStyleToElement":[{"__symbolic":"method"}],"applyStyleToElements":[{"__symbolic":"method"}],"getFlowDirection":[{"__symbolic":"method"}],"hasWrap":[{"__symbolic":"method"}],"lookupAttributeValue":[{"__symbolic":"method"}],"lookupInlineStyle":[{"__symbolic":"method"}],"lookupStyle":[{"__symbolic":"method"}],"_applyMultiValueStyleToElement":[{"__symbolic":"method"}],"_setServerStyle":[{"__symbolic":"method"}],"_getServerStyle":[{"__symbolic":"method"}],"_readStyleAttribute":[{"__symbolic":"method"}],"_writeStyleAttribute":[{"__symbolic":"method"}]},"statics":{"ɵprov":{}}},"StyleDefinition":{"__symbolic":"interface"},"StyleBuilder":{"__symbolic":"class","members":{"buildStyles":[{"__symbolic":"method"}],"sideEffect":[{"__symbolic":"method"}]}},"validateBasis":{"__symbolic":"function"},"ElementMatcher":{"__symbolic":"interface"},"MediaMarshaller":{"__symbolic":"class","decorators":[{"__symbolic":"call","expression":{"__symbolic":"reference","module":"@angular/core","name":"Injectable","line":43,"character":1},"arguments":[{"providedIn":"root"}]}],"members":{"__ctor__":[{"__symbolic":"constructor","parameters":[{"__symbolic":"reference","name":"ɵMatchMedia"},{"__symbolic":"reference","name":"BreakPointRegistry"},{"__symbolic":"reference","name":"PrintHook"}]}],"onMediaChange":[{"__symbolic":"method"}],"init":[{"__symbolic":"method"}],"getValue":[{"__symbolic":"method"}],"hasValue":[{"__symbolic":"method"}],"setValue":[{"__symbolic":"method"}],"trackValue":[{"__symbolic":"method"}],"updateStyles":[{"__symbolic":"method"}],"clearElement":[{"__symbolic":"method"}],"updateElement":[{"__symbolic":"method"}],"releaseElement":[{"__symbolic":"method"}],"triggerUpdate":[{"__symbolic":"method"}],"buildElementKeyMap":[{"__symbolic":"method"}],"watchExtraTriggers":[{"__symbolic":"method"}],"findByQuery":[{"__symbolic":"method"}],"getActivatedValues":[{"__symbolic":"method"}],"observeActivations":[{"__symbolic":"method"}]},"statics":{"ɵprov":{}}},"HookTarget":{"__symbolic":"interface"},"BREAKPOINT_PRINT":{"alias":"print","mediaQuery":"print","priority":1000},"PrintHook":{"__symbolic":"class","decorators":[{"__symbolic":"call","expression":{"__symbolic":"reference","module":"@angular/core","name":"Injectable","line":38,"character":1},"arguments":[{"providedIn":"root"}]}],"members":{"__ctor__":[{"__symbolic":"constructor","parameterDecorators":[null,[{"__symbolic":"call","expression":{"__symbolic":"reference","module":"@angular/core","name":"Inject","line":42,"character":7},"arguments":[{"__symbolic":"reference","name":"LAYOUT_CONFIG"}]}],[{"__symbolic":"call","expression":{"__symbolic":"reference","module":"@angular/core","name":"Inject","line":43,"character":7},"arguments":[{"__symbolic":"reference","module":"@angular/common","name":"DOCUMENT","line":43,"character":14}]}]],"parameters":[{"__symbolic":"reference","name":"BreakPointRegistry"},{"__symbolic":"reference","name":"LayoutConfigOptions"},{"__symbolic":"reference","name":"any"}]}],"withPrintQuery":[{"__symbolic":"method"}],"isPrintEvent":[{"__symbolic":"method"}],"getEventBreakpoints":[{"__symbolic":"method"}],"updateEvent":[{"__symbolic":"method"}],"registerBeforeAfterPrintHooks":[{"__symbolic":"method"}],"interceptEvents":[{"__symbolic":"method"}],"blockPropagation":[{"__symbolic":"method"}],"startPrinting":[{"__symbolic":"method"}],"stopPrinting":[{"__symbolic":"method"}],"collectActivations":[{"__symbolic":"method"}],"ngOnDestroy":[{"__symbolic":"method"}]},"statics":{"ɵprov":{}}}},"origins":{"CoreModule":"./module","removeStyles":"./browser-provider","BROWSER_PROVIDER":"./browser-provider","CLASS_NAME":"./browser-provider","MediaQuerySubscriber":"./media-change","MediaChange":"./media-change","StylesheetMap":"./stylesheet-map/stylesheet-map","LayoutConfigOptions":"./tokens/library-config","DEFAULT_CONFIG":"./tokens/library-config","LAYOUT_CONFIG":"./tokens/library-config","SERVER_TOKEN":"./tokens/server-token","BREAKPOINT":"./tokens/breakpoint-token","mergeAlias":"./add-alias","BaseDirective2":"./base/base2","DEFAULT_BREAKPOINTS":"./breakpoints/data/break-points","ScreenTypes":"./breakpoints/data/orientation-break-points","ORIENTATION_BREAKPOINTS":"./breakpoints/data/orientation-break-points","BreakPoint":"./breakpoints/break-point","OptionalBreakPoint":"./breakpoints/break-point-registry","BreakPointRegistry":"./breakpoints/break-point-registry","BREAKPOINTS":"./breakpoints/break-points-token","ɵMatchMedia":"./match-media/match-media","ɵMockMatchMedia":"./match-media/mock/mock-match-media","ɵMockMatchMediaProvider":"./match-media/mock/mock-match-media","MediaObserver":"./media-observer/media-observer","MediaTrigger":"./media-trigger/media-trigger","sortDescendingPriority":"./utils/sort","sortAscendingPriority":"./utils/sort","coerceArray":"./utils/array","StyleUtils":"./style-utils/style-utils","StyleDefinition":"./style-utils/style-utils","StyleBuilder":"./style-builder/style-builder","validateBasis":"./basis-validator/basis-validator","ElementMatcher":"./media-marshaller/media-marshaller","MediaMarshaller":"./media-marshaller/media-marshaller","HookTarget":"./media-marshaller/print-hook","BREAKPOINT_PRINT":"./media-marshaller/print-hook","PrintHook":"./media-marshaller/print-hook"},"importAs":"src/app/crud-grid/content/flex-layout/core"}