{"__symbolic":"module","version":4,"metadata":{"FlexModule":{"__symbolic":"class","decorators":[{"__symbolic":"call","expression":{"__symbolic":"reference","module":"@angular/core","name":"NgModule","line":38,"character":1},"arguments":[{"imports":[{"__symbolic":"reference","module":"src/app/crud-grid/content/flex-layout/core","name":"CoreModule","line":39,"character":12},{"__symbolic":"reference","module":"@angular/cdk/bidi","name":"BidiModule","line":39,"character":24}],"declarations":[{"__symbolic":"reference","name":"DefaultLayoutDirective"},{"__symbolic":"reference","name":"DefaultLayoutGapDirective"},{"__symbolic":"reference","name":"DefaultLayoutAlignDirective"},{"__symbolic":"reference","name":"DefaultFlexOrderDirective"},{"__symbolic":"reference","name":"DefaultFlexOffsetDirective"},{"__symbolic":"reference","name":"FlexFillDirective"},{"__symbolic":"reference","name":"DefaultFlexAlignDirective"},{"__symbolic":"reference","name":"DefaultFlexDirective"}],"exports":[{"__symbolic":"reference","name":"DefaultLayoutDirective"},{"__symbolic":"reference","name":"DefaultLayoutGapDirective"},{"__symbolic":"reference","name":"DefaultLayoutAlignDirective"},{"__symbolic":"reference","name":"DefaultFlexOrderDirective"},{"__symbolic":"reference","name":"DefaultFlexOffsetDirective"},{"__symbolic":"reference","name":"FlexFillDirective"},{"__symbolic":"reference","name":"DefaultFlexAlignDirective"},{"__symbolic":"reference","name":"DefaultFlexDirective"}]}]}],"members":{}},"FlexStyleBuilder":{"__symbolic":"class","extends":{"__symbolic":"reference","module":"src/app/crud-grid/content/flex-layout/core","name":"StyleBuilder","line":30,"character":38},"decorators":[{"__symbolic":"call","expression":{"__symbolic":"reference","module":"@angular/core","name":"Injectable","line":29,"character":1},"arguments":[{"providedIn":"root"}]}],"members":{"__ctor__":[{"__symbolic":"constructor","parameterDecorators":[[{"__symbolic":"call","expression":{"__symbolic":"reference","module":"@angular/core","name":"Inject","line":31,"character":15},"arguments":[{"__symbolic":"reference","module":"src/app/crud-grid/content/flex-layout/core","name":"LAYOUT_CONFIG","line":31,"character":22}]}]],"parameters":[{"__symbolic":"reference","module":"src/app/crud-grid/content/flex-layout/core","name":"LayoutConfigOptions","line":31,"character":61}]}],"buildStyles":[{"__symbolic":"method"}]},"statics":{"ɵprov":{}}},"FlexDirective":{"__symbolic":"class","extends":{"__symbolic":"reference","module":"src/app/crud-grid/content/flex-layout/core","name":"BaseDirective2","line":202,"character":35},"decorators":[{"__symbolic":"call","expression":{"__symbolic":"reference","module":"@angular/core","name":"Directive","line":201,"character":1}}],"members":{"shrink":[{"__symbolic":"property","decorators":[{"__symbolic":"call","expression":{"__symbolic":"reference","module":"@angular/core","name":"Input","line":209,"character":3},"arguments":["fxShrink"]}]}],"grow":[{"__symbolic":"property","decorators":[{"__symbolic":"call","expression":{"__symbolic":"reference","module":"@angular/core","name":"Input","line":216,"character":3},"arguments":["fxGrow"]}]}],"__ctor__":[{"__symbolic":"constructor","parameterDecorators":[null,null,[{"__symbolic":"call","expression":{"__symbolic":"reference","module":"@angular/core","name":"Inject","line":228,"character":15},"arguments":[{"__symbolic":"reference","module":"src/app/crud-grid/content/flex-layout/core","name":"LAYOUT_CONFIG","line":228,"character":22}]}],null,null],"parameters":[{"__symbolic":"reference","module":"@angular/core","name":"ElementRef","line":226,"character":21},{"__symbolic":"reference","module":"src/app/crud-grid/content/flex-layout/core","name":"StyleUtils","line":227,"character":26},{"__symbolic":"reference","module":"src/app/crud-grid/content/flex-layout/core","name":"LayoutConfigOptions","line":31,"character":61},{"__symbolic":"reference","name":"FlexStyleBuilder"},{"__symbolic":"reference","module":"src/app/crud-grid/content/flex-layout/core","name":"MediaMarshaller","line":230,"character":33}]}],"ngOnInit":[{"__symbolic":"method"}],"onLayoutChange":[{"__symbolic":"method"}],"updateWithValue":[{"__symbolic":"method"}],"triggerReflow":[{"__symbolic":"method"}]}},"DefaultFlexDirective":{"__symbolic":"class","extends":{"__symbolic":"reference","name":"FlexDirective"},"decorators":[{"__symbolic":"call","expression":{"__symbolic":"reference","module":"@angular/core","name":"Directive","line":294,"character":1},"arguments":[{"inputs":["fxFlex","fxFlex.xs","fxFlex.sm","fxFlex.md","fxFlex.lg","fxFlex.xl","fxFlex.lt-sm","fxFlex.lt-md","fxFlex.lt-lg","fxFlex.lt-xl","fxFlex.gt-xs","fxFlex.gt-sm","fxFlex.gt-md","fxFlex.gt-lg"],"selector":"\n  [fxFlex], [fxFlex.xs], [fxFlex.sm], [fxFlex.md],\n  [fxFlex.lg], [fxFlex.xl], [fxFlex.lt-sm], [fxFlex.lt-md],\n  [fxFlex.lt-lg], [fxFlex.lt-xl], [fxFlex.gt-xs], [fxFlex.gt-sm],\n  [fxFlex.gt-md], [fxFlex.gt-lg]\n"}]}],"members":{}},"FlexAlignStyleBuilder":{"__symbolic":"class","extends":{"__symbolic":"reference","module":"src/app/crud-grid/content/flex-layout/core","name":"StyleBuilder","line":17,"character":43},"decorators":[{"__symbolic":"call","expression":{"__symbolic":"reference","module":"@angular/core","name":"Injectable","line":16,"character":1},"arguments":[{"providedIn":"root"}]}],"members":{"buildStyles":[{"__symbolic":"method"}]},"statics":{"ɵprov":{}}},"FlexAlignDirective":{"__symbolic":"class","extends":{"__symbolic":"reference","module":"src/app/crud-grid/content/flex-layout/core","name":"BaseDirective2","line":58,"character":40},"decorators":[{"__symbolic":"call","expression":{"__symbolic":"reference","module":"@angular/core","name":"Directive","line":57,"character":1}}],"members":{"__ctor__":[{"__symbolic":"constructor","parameters":[{"__symbolic":"reference","module":"@angular/core","name":"ElementRef","line":62,"character":21},{"__symbolic":"reference","module":"src/app/crud-grid/content/flex-layout/core","name":"StyleUtils","line":63,"character":26},{"__symbolic":"reference","name":"FlexAlignStyleBuilder"},{"__symbolic":"reference","module":"src/app/crud-grid/content/flex-layout/core","name":"MediaMarshaller","line":65,"character":23}]}]}},"DefaultFlexAlignDirective":{"__symbolic":"class","extends":{"__symbolic":"reference","name":"FlexAlignDirective"},"decorators":[{"__symbolic":"call","expression":{"__symbolic":"reference","module":"@angular/core","name":"Directive","line":75,"character":1},"arguments":[{"selector":"\n  [fxFlexAlign], [fxFlexAlign.xs], [fxFlexAlign.sm], [fxFlexAlign.md],\n  [fxFlexAlign.lg], [fxFlexAlign.xl], [fxFlexAlign.lt-sm], [fxFlexAlign.lt-md],\n  [fxFlexAlign.lt-lg], [fxFlexAlign.lt-xl], [fxFlexAlign.gt-xs], [fxFlexAlign.gt-sm],\n  [fxFlexAlign.gt-md], [fxFlexAlign.gt-lg]\n","inputs":["fxFlexAlign","fxFlexAlign.xs","fxFlexAlign.sm","fxFlexAlign.md","fxFlexAlign.lg","fxFlexAlign.xl","fxFlexAlign.lt-sm","fxFlexAlign.lt-md","fxFlexAlign.lt-lg","fxFlexAlign.lt-xl","fxFlexAlign.gt-xs","fxFlexAlign.gt-sm","fxFlexAlign.gt-md","fxFlexAlign.gt-lg"]}]}],"members":{}},"FlexFillStyleBuilder":{"__symbolic":"class","extends":{"__symbolic":"reference","module":"src/app/crud-grid/content/flex-layout/core","name":"StyleBuilder","line":25,"character":42},"decorators":[{"__symbolic":"call","expression":{"__symbolic":"reference","module":"@angular/core","name":"Injectable","line":24,"character":1},"arguments":[{"providedIn":"root"}]}],"members":{"buildStyles":[{"__symbolic":"method"}]},"statics":{"ɵprov":{}}},"FlexFillDirective":{"__symbolic":"class","extends":{"__symbolic":"reference","module":"src/app/crud-grid/content/flex-layout/core","name":"BaseDirective2","line":38,"character":39},"decorators":[{"__symbolic":"call","expression":{"__symbolic":"reference","module":"@angular/core","name":"Directive","line":37,"character":1},"arguments":[{"selector":"[fxFill], [fxFlexFill]"}]}],"members":{"__ctor__":[{"__symbolic":"constructor","parameters":[{"__symbolic":"reference","module":"@angular/core","name":"ElementRef","line":39,"character":21},{"__symbolic":"reference","module":"src/app/crud-grid/content/flex-layout/core","name":"StyleUtils","line":40,"character":26},{"__symbolic":"reference","name":"FlexFillStyleBuilder"},{"__symbolic":"reference","module":"src/app/crud-grid/content/flex-layout/core","name":"MediaMarshaller","line":42,"character":23}]}]}},"FlexOffsetParent":{"__symbolic":"interface"},"FlexOffsetStyleBuilder":{"__symbolic":"class","extends":{"__symbolic":"reference","module":"src/app/crud-grid/content/flex-layout/core","name":"StyleBuilder","line":26,"character":44},"decorators":[{"__symbolic":"call","expression":{"__symbolic":"reference","module":"@angular/core","name":"Injectable","line":25,"character":1},"arguments":[{"providedIn":"root"}]}],"members":{"buildStyles":[{"__symbolic":"method"}]},"statics":{"ɵprov":{}}},"FlexOffsetDirective":{"__symbolic":"class","extends":{"__symbolic":"reference","module":"src/app/crud-grid/content/flex-layout/core","name":"BaseDirective2","line":62,"character":41},"decorators":[{"__symbolic":"call","expression":{"__symbolic":"reference","module":"@angular/core","name":"Directive","line":61,"character":1}}],"members":{"__ctor__":[{"__symbolic":"constructor","parameters":[{"__symbolic":"reference","module":"@angular/core","name":"ElementRef","line":65,"character":21},{"__symbolic":"reference","module":"@angular/cdk/bidi","name":"Directionality","line":66,"character":40},{"__symbolic":"reference","name":"FlexOffsetStyleBuilder"},{"__symbolic":"reference","module":"src/app/crud-grid/content/flex-layout/core","name":"MediaMarshaller","line":68,"character":23},{"__symbolic":"reference","module":"src/app/crud-grid/content/flex-layout/core","name":"StyleUtils","line":69,"character":22}]}],"updateWithValue":[{"__symbolic":"method"}]}},"DefaultFlexOffsetDirective":{"__symbolic":"class","extends":{"__symbolic":"reference","name":"FlexOffsetDirective"},"decorators":[{"__symbolic":"call","expression":{"__symbolic":"reference","module":"@angular/core","name":"Directive","line":107,"character":1},"arguments":[{"selector":"\n  [fxFlexOffset], [fxFlexOffset.xs], [fxFlexOffset.sm], [fxFlexOffset.md],\n  [fxFlexOffset.lg], [fxFlexOffset.xl], [fxFlexOffset.lt-sm], [fxFlexOffset.lt-md],\n  [fxFlexOffset.lt-lg], [fxFlexOffset.lt-xl], [fxFlexOffset.gt-xs], [fxFlexOffset.gt-sm],\n  [fxFlexOffset.gt-md], [fxFlexOffset.gt-lg]\n","inputs":["fxFlexOffset","fxFlexOffset.xs","fxFlexOffset.sm","fxFlexOffset.md","fxFlexOffset.lg","fxFlexOffset.xl","fxFlexOffset.lt-sm","fxFlexOffset.lt-md","fxFlexOffset.lt-lg","fxFlexOffset.lt-xl","fxFlexOffset.gt-xs","fxFlexOffset.gt-sm","fxFlexOffset.gt-md","fxFlexOffset.gt-lg"]}]}],"members":{}},"FlexOrderStyleBuilder":{"__symbolic":"class","extends":{"__symbolic":"reference","module":"src/app/crud-grid/content/flex-layout/core","name":"StyleBuilder","line":17,"character":43},"decorators":[{"__symbolic":"call","expression":{"__symbolic":"reference","module":"@angular/core","name":"Injectable","line":16,"character":1},"arguments":[{"providedIn":"root"}]}],"members":{"buildStyles":[{"__symbolic":"method"}]},"statics":{"ɵprov":{}}},"FlexOrderDirective":{"__symbolic":"class","extends":{"__symbolic":"reference","module":"src/app/crud-grid/content/flex-layout/core","name":"BaseDirective2","line":42,"character":40},"decorators":[{"__symbolic":"call","expression":{"__symbolic":"reference","module":"@angular/core","name":"Directive","line":41,"character":1}}],"members":{"__ctor__":[{"__symbolic":"constructor","parameters":[{"__symbolic":"reference","module":"@angular/core","name":"ElementRef","line":46,"character":21},{"__symbolic":"reference","module":"src/app/crud-grid/content/flex-layout/core","name":"StyleUtils","line":47,"character":26},{"__symbolic":"reference","name":"FlexOrderStyleBuilder"},{"__symbolic":"reference","module":"src/app/crud-grid/content/flex-layout/core","name":"MediaMarshaller","line":49,"character":23}]}]}},"DefaultFlexOrderDirective":{"__symbolic":"class","extends":{"__symbolic":"reference","name":"FlexOrderDirective"},"decorators":[{"__symbolic":"call","expression":{"__symbolic":"reference","module":"@angular/core","name":"Directive","line":59,"character":1},"arguments":[{"selector":"\n  [fxFlexOrder], [fxFlexOrder.xs], [fxFlexOrder.sm], [fxFlexOrder.md],\n  [fxFlexOrder.lg], [fxFlexOrder.xl], [fxFlexOrder.lt-sm], [fxFlexOrder.lt-md],\n  [fxFlexOrder.lt-lg], [fxFlexOrder.lt-xl], [fxFlexOrder.gt-xs], [fxFlexOrder.gt-sm],\n  [fxFlexOrder.gt-md], [fxFlexOrder.gt-lg]\n","inputs":["fxFlexOrder","fxFlexOrder.xs","fxFlexOrder.sm","fxFlexOrder.md","fxFlexOrder.lg","fxFlexOrder.xl","fxFlexOrder.lt-sm","fxFlexOrder.lt-md","fxFlexOrder.lt-lg","fxFlexOrder.lt-xl","fxFlexOrder.gt-xs","fxFlexOrder.gt-sm","fxFlexOrder.gt-md","fxFlexOrder.gt-lg"]}]}],"members":{}},"LayoutStyleBuilder":{"__symbolic":"class","extends":{"__symbolic":"reference","module":"src/app/crud-grid/content/flex-layout/core","name":"StyleBuilder","line":19,"character":40},"decorators":[{"__symbolic":"call","expression":{"__symbolic":"reference","module":"@angular/core","name":"Injectable","line":18,"character":1},"arguments":[{"providedIn":"root"}]}],"members":{"buildStyles":[{"__symbolic":"method"}]},"statics":{"ɵprov":{}}},"LayoutDirective":{"__symbolic":"class","extends":{"__symbolic":"reference","module":"src/app/crud-grid/content/flex-layout/core","name":"BaseDirective2","line":46,"character":37},"decorators":[{"__symbolic":"call","expression":{"__symbolic":"reference","module":"@angular/core","name":"Directive","line":45,"character":1}}],"members":{"__ctor__":[{"__symbolic":"constructor","parameters":[{"__symbolic":"reference","module":"@angular/core","name":"ElementRef","line":50,"character":21},{"__symbolic":"reference","module":"src/app/crud-grid/content/flex-layout/core","name":"StyleUtils","line":51,"character":26},{"__symbolic":"reference","name":"LayoutStyleBuilder"},{"__symbolic":"reference","module":"src/app/crud-grid/content/flex-layout/core","name":"MediaMarshaller","line":53,"character":23}]}]}},"DefaultLayoutDirective":{"__symbolic":"class","extends":{"__symbolic":"reference","name":"LayoutDirective"},"decorators":[{"__symbolic":"call","expression":{"__symbolic":"reference","module":"@angular/core","name":"Directive","line":61,"character":1},"arguments":[{"selector":"\n  [fxLayout], [fxLayout.xs], [fxLayout.sm], [fxLayout.md],\n  [fxLayout.lg], [fxLayout.xl], [fxLayout.lt-sm], [fxLayout.lt-md],\n  [fxLayout.lt-lg], [fxLayout.lt-xl], [fxLayout.gt-xs], [fxLayout.gt-sm],\n  [fxLayout.gt-md], [fxLayout.gt-lg]\n","inputs":["fxLayout","fxLayout.xs","fxLayout.sm","fxLayout.md","fxLayout.lg","fxLayout.xl","fxLayout.lt-sm","fxLayout.lt-md","fxLayout.lt-lg","fxLayout.lt-xl","fxLayout.gt-xs","fxLayout.gt-sm","fxLayout.gt-md","fxLayout.gt-lg"]}]}],"members":{}},"LayoutAlignParent":{"__symbolic":"interface"},"LayoutAlignStyleBuilder":{"__symbolic":"class","extends":{"__symbolic":"reference","module":"src/app/crud-grid/content/flex-layout/core","name":"StyleBuilder","line":27,"character":45},"decorators":[{"__symbolic":"call","expression":{"__symbolic":"reference","module":"@angular/core","name":"Injectable","line":26,"character":1},"arguments":[{"providedIn":"root"}]}],"members":{"buildStyles":[{"__symbolic":"method"}]},"statics":{"ɵprov":{}}},"LayoutAlignDirective":{"__symbolic":"class","extends":{"__symbolic":"reference","module":"src/app/crud-grid/content/flex-layout/core","name":"BaseDirective2","line":122,"character":42},"decorators":[{"__symbolic":"call","expression":{"__symbolic":"reference","module":"@angular/core","name":"Directive","line":121,"character":1}}],"members":{"__ctor__":[{"__symbolic":"constructor","parameters":[{"__symbolic":"reference","module":"@angular/core","name":"ElementRef","line":127,"character":21},{"__symbolic":"reference","module":"src/app/crud-grid/content/flex-layout/core","name":"StyleUtils","line":128,"character":26},{"__symbolic":"reference","name":"LayoutAlignStyleBuilder"},{"__symbolic":"reference","module":"src/app/crud-grid/content/flex-layout/core","name":"MediaMarshaller","line":130,"character":23}]}],"updateWithValue":[{"__symbolic":"method"}],"onLayoutChange":[{"__symbolic":"method"}]}},"DefaultLayoutAlignDirective":{"__symbolic":"class","extends":{"__symbolic":"reference","name":"LayoutAlignDirective"},"decorators":[{"__symbolic":"call","expression":{"__symbolic":"reference","module":"@angular/core","name":"Directive","line":182,"character":1},"arguments":[{"selector":"\n  [fxLayoutAlign], [fxLayoutAlign.xs], [fxLayoutAlign.sm], [fxLayoutAlign.md],\n  [fxLayoutAlign.lg], [fxLayoutAlign.xl], [fxLayoutAlign.lt-sm], [fxLayoutAlign.lt-md],\n  [fxLayoutAlign.lt-lg], [fxLayoutAlign.lt-xl], [fxLayoutAlign.gt-xs], [fxLayoutAlign.gt-sm],\n  [fxLayoutAlign.gt-md], [fxLayoutAlign.gt-lg]\n","inputs":["fxLayoutAlign","fxLayoutAlign.xs","fxLayoutAlign.sm","fxLayoutAlign.md","fxLayoutAlign.lg","fxLayoutAlign.xl","fxLayoutAlign.lt-sm","fxLayoutAlign.lt-md","fxLayoutAlign.lt-lg","fxLayoutAlign.lt-xl","fxLayoutAlign.gt-xs","fxLayoutAlign.gt-sm","fxLayoutAlign.gt-md","fxLayoutAlign.gt-lg"]}]}],"members":{}},"LayoutGapParent":{"__symbolic":"interface"},"LayoutGapStyleBuilder":{"__symbolic":"class","extends":{"__symbolic":"reference","module":"src/app/crud-grid/content/flex-layout/core","name":"StyleBuilder","line":43,"character":43},"decorators":[{"__symbolic":"call","expression":{"__symbolic":"reference","module":"@angular/core","name":"Injectable","line":42,"character":1},"arguments":[{"providedIn":"root"}]}],"members":{"__ctor__":[{"__symbolic":"constructor","parameters":[{"__symbolic":"reference","module":"src/app/crud-grid/content/flex-layout/core","name":"StyleUtils","line":44,"character":31}]}],"buildStyles":[{"__symbolic":"method"}],"sideEffect":[{"__symbolic":"method"}]},"statics":{"ɵprov":{}}},"LayoutGapDirective":{"__symbolic":"class","extends":{"__symbolic":"reference","module":"src/app/crud-grid/content/flex-layout/core","name":"BaseDirective2","line":98,"character":40},"decorators":[{"__symbolic":"call","expression":{"__symbolic":"reference","module":"@angular/core","name":"Directive","line":97,"character":1}}],"members":{"__ctor__":[{"__symbolic":"constructor","parameters":[{"__symbolic":"reference","module":"@angular/core","name":"ElementRef","line":115,"character":21},{"__symbolic":"reference","module":"@angular/core","name":"NgZone","line":116,"character":30},{"__symbolic":"reference","module":"@angular/cdk/bidi","name":"Directionality","line":117,"character":40},{"__symbolic":"reference","module":"src/app/crud-grid/content/flex-layout/core","name":"StyleUtils","line":44,"character":31},{"__symbolic":"reference","name":"LayoutGapStyleBuilder"},{"__symbolic":"reference","module":"src/app/crud-grid/content/flex-layout/core","name":"MediaMarshaller","line":120,"character":23}]}],"ngAfterContentInit":[{"__symbolic":"method"}],"ngOnDestroy":[{"__symbolic":"method"}],"onLayoutChange":[{"__symbolic":"method"}],"updateWithValue":[{"__symbolic":"method"}],"clearStyles":[{"__symbolic":"method"}],"willDisplay":[{"__symbolic":"method"}],"buildChildObservable":[{"__symbolic":"method"}]}},"DefaultLayoutGapDirective":{"__symbolic":"class","extends":{"__symbolic":"reference","name":"LayoutGapDirective"},"decorators":[{"__symbolic":"call","expression":{"__symbolic":"reference","module":"@angular/core","name":"Directive","line":241,"character":1},"arguments":[{"selector":"\n  [fxLayoutGap], [fxLayoutGap.xs], [fxLayoutGap.sm], [fxLayoutGap.md],\n  [fxLayoutGap.lg], [fxLayoutGap.xl], [fxLayoutGap.lt-sm], [fxLayoutGap.lt-md],\n  [fxLayoutGap.lt-lg], [fxLayoutGap.lt-xl], [fxLayoutGap.gt-xs], [fxLayoutGap.gt-sm],\n  [fxLayoutGap.gt-md], [fxLayoutGap.gt-lg]\n","inputs":["fxLayoutGap","fxLayoutGap.xs","fxLayoutGap.sm","fxLayoutGap.md","fxLayoutGap.lg","fxLayoutGap.xl","fxLayoutGap.lt-sm","fxLayoutGap.lt-md","fxLayoutGap.lt-lg","fxLayoutGap.lt-xl","fxLayoutGap.gt-xs","fxLayoutGap.gt-sm","fxLayoutGap.gt-md","fxLayoutGap.gt-lg"]}]}],"members":{}}},"origins":{"FlexModule":"./module","FlexStyleBuilder":"./flex/flex","FlexDirective":"./flex/flex","DefaultFlexDirective":"./flex/flex","FlexAlignStyleBuilder":"./flex-align/flex-align","FlexAlignDirective":"./flex-align/flex-align","DefaultFlexAlignDirective":"./flex-align/flex-align","FlexFillStyleBuilder":"./flex-fill/flex-fill","FlexFillDirective":"./flex-fill/flex-fill","FlexOffsetParent":"./flex-offset/flex-offset","FlexOffsetStyleBuilder":"./flex-offset/flex-offset","FlexOffsetDirective":"./flex-offset/flex-offset","DefaultFlexOffsetDirective":"./flex-offset/flex-offset","FlexOrderStyleBuilder":"./flex-order/flex-order","FlexOrderDirective":"./flex-order/flex-order","DefaultFlexOrderDirective":"./flex-order/flex-order","LayoutStyleBuilder":"./layout/layout","LayoutDirective":"./layout/layout","DefaultLayoutDirective":"./layout/layout","LayoutAlignParent":"./layout-align/layout-align","LayoutAlignStyleBuilder":"./layout-align/layout-align","LayoutAlignDirective":"./layout-align/layout-align","DefaultLayoutAlignDirective":"./layout-align/layout-align","LayoutGapParent":"./layout-gap/layout-gap","LayoutGapStyleBuilder":"./layout-gap/layout-gap","LayoutGapDirective":"./layout-gap/layout-gap","DefaultLayoutGapDirective":"./layout-gap/layout-gap"},"importAs":"src/app/crud-grid/content/flex-layout/flex"}