{"__symbolic":"module","version":4,"metadata":{"ExtendedModule":{"__symbolic":"class","decorators":[{"__symbolic":"call","expression":{"__symbolic":"reference","module":"@angular/core","name":"NgModule","line":29,"character":1},"arguments":[{"imports":[{"__symbolic":"reference","module":"src/app/crud-grid/content/flex-layout/core","name":"CoreModule","line":30,"character":12}],"declarations":[{"__symbolic":"reference","name":"DefaultShowHideDirective"},{"__symbolic":"reference","name":"DefaultClassDirective"},{"__symbolic":"reference","name":"DefaultStyleDirective"},{"__symbolic":"reference","name":"DefaultImgSrcDirective"}],"exports":[{"__symbolic":"reference","name":"DefaultShowHideDirective"},{"__symbolic":"reference","name":"DefaultClassDirective"},{"__symbolic":"reference","name":"DefaultStyleDirective"},{"__symbolic":"reference","name":"DefaultImgSrcDirective"}]}]}],"members":{}},"ClassDirective":{"__symbolic":"class","extends":{"__symbolic":"reference","module":"src/app/crud-grid/content/flex-layout/core","name":"BaseDirective2","line":22,"character":36},"decorators":[{"__symbolic":"call","expression":{"__symbolic":"reference","module":"@angular/core","name":"Directive","line":21,"character":1}}],"members":{"klass":[{"__symbolic":"property","decorators":[{"__symbolic":"call","expression":{"__symbolic":"reference","module":"@angular/core","name":"Input","line":30,"character":3},"arguments":["class"]}]}],"__ctor__":[{"__symbolic":"constructor","parameterDecorators":[null,null,null,null,null,null,[{"__symbolic":"call","expression":{"__symbolic":"reference","module":"@angular/core","name":"Optional","line":42,"character":15}},{"__symbolic":"call","expression":{"__symbolic":"reference","module":"@angular/core","name":"Self","line":42,"character":27}}]],"parameters":[{"__symbolic":"reference","module":"@angular/core","name":"ElementRef","line":36,"character":26},{"__symbolic":"reference","module":"src/app/crud-grid/content/flex-layout/core","name":"StyleUtils","line":37,"character":22},{"__symbolic":"reference","module":"src/app/crud-grid/content/flex-layout/core","name":"MediaMarshaller","line":38,"character":23},{"__symbolic":"reference","module":"@angular/core","name":"IterableDiffers","line":39,"character":31},{"__symbolic":"reference","module":"@angular/core","name":"KeyValueDiffers","line":40,"character":31},{"__symbolic":"reference","module":"@angular/core","name":"Renderer2","line":41,"character":25},{"__symbolic":"reference","module":"@angular/common","name":"NgClass","line":42,"character":70}]}],"updateWithValue":[{"__symbolic":"method"}],"ngDoCheck":[{"__symbolic":"method"}]}},"DefaultClassDirective":{"__symbolic":"class","extends":{"__symbolic":"reference","name":"ClassDirective"},"decorators":[{"__symbolic":"call","expression":{"__symbolic":"reference","module":"@angular/core","name":"Directive","line":87,"character":1},"arguments":[{"selector":"\n  [ngClass], [ngClass.xs], [ngClass.sm], [ngClass.md], [ngClass.lg], [ngClass.xl],\n  [ngClass.lt-sm], [ngClass.lt-md], [ngClass.lt-lg], [ngClass.lt-xl],\n  [ngClass.gt-xs], [ngClass.gt-sm], [ngClass.gt-md], [ngClass.gt-lg]\n","inputs":["ngClass","ngClass.xs","ngClass.sm","ngClass.md","ngClass.lg","ngClass.xl","ngClass.lt-sm","ngClass.lt-md","ngClass.lt-lg","ngClass.lt-xl","ngClass.gt-xs","ngClass.gt-sm","ngClass.gt-md","ngClass.gt-lg"]}]}],"members":{}},"ImgSrcStyleBuilder":{"__symbolic":"class","extends":{"__symbolic":"reference","module":"src/app/crud-grid/content/flex-layout/core","name":"StyleBuilder","line":19,"character":40},"decorators":[{"__symbolic":"call","expression":{"__symbolic":"reference","module":"@angular/core","name":"Injectable","line":18,"character":1},"arguments":[{"providedIn":"root"}]}],"members":{"buildStyles":[{"__symbolic":"method"}]},"statics":{"ɵprov":{}}},"ImgSrcDirective":{"__symbolic":"class","extends":{"__symbolic":"reference","module":"src/app/crud-grid/content/flex-layout/core","name":"BaseDirective2","line":26,"character":37},"decorators":[{"__symbolic":"call","expression":{"__symbolic":"reference","module":"@angular/core","name":"Directive","line":25,"character":1}}],"members":{"src":[{"__symbolic":"property","decorators":[{"__symbolic":"call","expression":{"__symbolic":"reference","module":"@angular/core","name":"Input","line":30,"character":3},"arguments":["src"]}]}],"__ctor__":[{"__symbolic":"constructor","parameterDecorators":[null,null,null,null,[{"__symbolic":"call","expression":{"__symbolic":"reference","module":"@angular/core","name":"Inject","line":40,"character":15},"arguments":[{"__symbolic":"reference","module":"@angular/core","name":"PLATFORM_ID","line":40,"character":22}]}],[{"__symbolic":"call","expression":{"__symbolic":"reference","module":"@angular/core","name":"Inject","line":41,"character":15},"arguments":[{"__symbolic":"reference","module":"src/app/crud-grid/content/flex-layout/core","name":"SERVER_TOKEN","line":41,"character":22}]}]],"parameters":[{"__symbolic":"reference","module":"@angular/core","name":"ElementRef","line":36,"character":26},{"__symbolic":"reference","name":"ImgSrcStyleBuilder"},{"__symbolic":"reference","module":"src/app/crud-grid/content/flex-layout/core","name":"StyleUtils","line":38,"character":22},{"__symbolic":"reference","module":"src/app/crud-grid/content/flex-layout/core","name":"MediaMarshaller","line":39,"character":23},{"__symbolic":"reference","name":"Object"},{"__symbolic":"reference","name":"boolean"}]}],"updateWithValue":[{"__symbolic":"method"}]}},"DefaultImgSrcDirective":{"__symbolic":"class","extends":{"__symbolic":"reference","name":"ImgSrcDirective"},"decorators":[{"__symbolic":"call","expression":{"__symbolic":"reference","module":"@angular/core","name":"Directive","line":93,"character":1},"arguments":[{"selector":"\n  img[src.xs],    img[src.sm],    img[src.md],    img[src.lg],   img[src.xl],\n  img[src.lt-sm], img[src.lt-md], img[src.lt-lg], img[src.lt-xl],\n  img[src.gt-xs], img[src.gt-sm], img[src.gt-md], img[src.gt-lg]\n","inputs":["src.xs","src.sm","src.md","src.lg","src.xl","src.lt-sm","src.lt-md","src.lt-lg","src.lt-xl","src.gt-xs","src.gt-sm","src.gt-md","src.gt-lg"]}]}],"members":{}},"ShowHideParent":{"__symbolic":"interface"},"ShowHideStyleBuilder":{"__symbolic":"class","extends":{"__symbolic":"reference","module":"src/app/crud-grid/content/flex-layout/core","name":"StyleBuilder","line":36,"character":42},"decorators":[{"__symbolic":"call","expression":{"__symbolic":"reference","module":"@angular/core","name":"Injectable","line":35,"character":1},"arguments":[{"providedIn":"root"}]}],"members":{"buildStyles":[{"__symbolic":"method"}]},"statics":{"ɵprov":{}}},"ShowHideDirective":{"__symbolic":"class","extends":{"__symbolic":"reference","module":"src/app/crud-grid/content/flex-layout/core","name":"BaseDirective2","line":44,"character":39},"decorators":[{"__symbolic":"call","expression":{"__symbolic":"reference","module":"@angular/core","name":"Directive","line":43,"character":1}}],"members":{"__ctor__":[{"__symbolic":"constructor","parameterDecorators":[null,null,null,null,[{"__symbolic":"call","expression":{"__symbolic":"reference","module":"@angular/core","name":"Inject","line":56,"character":15},"arguments":[{"__symbolic":"reference","module":"src/app/crud-grid/content/flex-layout/core","name":"LAYOUT_CONFIG","line":56,"character":22}]}],[{"__symbolic":"call","expression":{"__symbolic":"reference","module":"@angular/core","name":"Inject","line":57,"character":15},"arguments":[{"__symbolic":"reference","module":"@angular/core","name":"PLATFORM_ID","line":57,"character":22}]}],[{"__symbolic":"call","expression":{"__symbolic":"reference","module":"@angular/core","name":"Inject","line":58,"character":15},"arguments":[{"__symbolic":"reference","module":"src/app/crud-grid/content/flex-layout/core","name":"SERVER_TOKEN","line":58,"character":22}]}]],"parameters":[{"__symbolic":"reference","module":"@angular/core","name":"ElementRef","line":52,"character":26},{"__symbolic":"reference","name":"ShowHideStyleBuilder"},{"__symbolic":"reference","module":"src/app/crud-grid/content/flex-layout/core","name":"StyleUtils","line":54,"character":22},{"__symbolic":"reference","module":"src/app/crud-grid/content/flex-layout/core","name":"MediaMarshaller","line":55,"character":23},{"__symbolic":"reference","module":"src/app/crud-grid/content/flex-layout/core","name":"LayoutConfigOptions","line":56,"character":61},{"__symbolic":"reference","name":"Object"},{"__symbolic":"reference","name":"boolean"}]}],"ngAfterViewInit":[{"__symbolic":"method"}],"ngOnChanges":[{"__symbolic":"method"}],"trackExtraTriggers":[{"__symbolic":"method"}],"getDisplayStyle":[{"__symbolic":"method"}],"updateWithValue":[{"__symbolic":"method"}]}},"DefaultShowHideDirective":{"__symbolic":"class","extends":{"__symbolic":"reference","name":"ShowHideDirective"},"decorators":[{"__symbolic":"call","expression":{"__symbolic":"reference","module":"@angular/core","name":"Directive","line":185,"character":1},"arguments":[{"selector":"\n  [fxShow], [fxShow.print],\n  [fxShow.xs], [fxShow.sm], [fxShow.md], [fxShow.lg], [fxShow.xl],\n  [fxShow.lt-sm], [fxShow.lt-md], [fxShow.lt-lg], [fxShow.lt-xl],\n  [fxShow.gt-xs], [fxShow.gt-sm], [fxShow.gt-md], [fxShow.gt-lg],\n  [fxHide], [fxHide.print],\n  [fxHide.xs], [fxHide.sm], [fxHide.md], [fxHide.lg], [fxHide.xl],\n  [fxHide.lt-sm], [fxHide.lt-md], [fxHide.lt-lg], [fxHide.lt-xl],\n  [fxHide.gt-xs], [fxHide.gt-sm], [fxHide.gt-md], [fxHide.gt-lg]\n","inputs":["fxShow","fxShow.print","fxShow.xs","fxShow.sm","fxShow.md","fxShow.lg","fxShow.xl","fxShow.lt-sm","fxShow.lt-md","fxShow.lt-lg","fxShow.lt-xl","fxShow.gt-xs","fxShow.gt-sm","fxShow.gt-md","fxShow.gt-lg","fxHide","fxHide.print","fxHide.xs","fxHide.sm","fxHide.md","fxHide.lg","fxHide.xl","fxHide.lt-sm","fxHide.lt-md","fxHide.lt-lg","fxHide.lt-xl","fxHide.gt-xs","fxHide.gt-sm","fxHide.gt-md","fxHide.gt-lg"]}]}],"members":{}},"StyleDirective":{"__symbolic":"class","extends":{"__symbolic":"reference","module":"src/app/crud-grid/content/flex-layout/core","name":"BaseDirective2","line":42,"character":36},"decorators":[{"__symbolic":"call","expression":{"__symbolic":"reference","module":"@angular/core","name":"Directive","line":41,"character":1}}],"members":{"__ctor__":[{"__symbolic":"constructor","parameterDecorators":[null,null,null,null,null,null,[{"__symbolic":"call","expression":{"__symbolic":"reference","module":"@angular/core","name":"Optional","line":54,"character":15}},{"__symbolic":"call","expression":{"__symbolic":"reference","module":"@angular/core","name":"Self","line":54,"character":27}}],[{"__symbolic":"call","expression":{"__symbolic":"reference","module":"@angular/core","name":"Inject","line":55,"character":15},"arguments":[{"__symbolic":"reference","module":"src/app/crud-grid/content/flex-layout/core","name":"SERVER_TOKEN","line":55,"character":22}]}],[{"__symbolic":"call","expression":{"__symbolic":"reference","module":"@angular/core","name":"Inject","line":56,"character":15},"arguments":[{"__symbolic":"reference","module":"@angular/core","name":"PLATFORM_ID","line":56,"character":22}]}]],"parameters":[{"__symbolic":"reference","module":"@angular/core","name":"ElementRef","line":48,"character":26},{"__symbolic":"reference","module":"src/app/crud-grid/content/flex-layout/core","name":"StyleUtils","line":49,"character":22},{"__symbolic":"reference","module":"src/app/crud-grid/content/flex-layout/core","name":"MediaMarshaller","line":50,"character":23},{"__symbolic":"reference","module":"@angular/platform-browser","name":"DomSanitizer","line":51,"character":35},{"__symbolic":"reference","module":"@angular/core","name":"KeyValueDiffers","line":52,"character":23},{"__symbolic":"reference","module":"@angular/core","name":"Renderer2","line":53,"character":25},{"__symbolic":"reference","module":"@angular/common","name":"NgStyle","line":54,"character":68},{"__symbolic":"reference","name":"boolean"},{"__symbolic":"reference","name":"Object"}]}],"updateWithValue":[{"__symbolic":"method"}],"clearStyles":[{"__symbolic":"method"}],"buildStyleMap":[{"__symbolic":"method"}],"ngDoCheck":[{"__symbolic":"method"}]}},"DefaultStyleDirective":{"__symbolic":"class","extends":{"__symbolic":"reference","name":"StyleDirective"},"decorators":[{"__symbolic":"call","expression":{"__symbolic":"reference","module":"@angular/core","name":"Directive","line":136,"character":1},"arguments":[{"selector":"\n  [ngStyle],\n  [ngStyle.xs], [ngStyle.sm], [ngStyle.md], [ngStyle.lg], [ngStyle.xl],\n  [ngStyle.lt-sm], [ngStyle.lt-md], [ngStyle.lt-lg], [ngStyle.lt-xl],\n  [ngStyle.gt-xs], [ngStyle.gt-sm], [ngStyle.gt-md], [ngStyle.gt-lg]\n","inputs":["ngStyle","ngStyle.xs","ngStyle.sm","ngStyle.md","ngStyle.lg","ngStyle.xl","ngStyle.lt-sm","ngStyle.lt-md","ngStyle.lt-lg","ngStyle.lt-xl","ngStyle.gt-xs","ngStyle.gt-sm","ngStyle.gt-md","ngStyle.gt-lg"]}]}],"members":{}}},"origins":{"ExtendedModule":"./module","ClassDirective":"./class/class","DefaultClassDirective":"./class/class","ImgSrcStyleBuilder":"./img-src/img-src","ImgSrcDirective":"./img-src/img-src","DefaultImgSrcDirective":"./img-src/img-src","ShowHideParent":"./show-hide/show-hide","ShowHideStyleBuilder":"./show-hide/show-hide","ShowHideDirective":"./show-hide/show-hide","DefaultShowHideDirective":"./show-hide/show-hide","StyleDirective":"./style/style","DefaultStyleDirective":"./style/style"},"importAs":"src/app/crud-grid/content/flex-layout/extended"}